{"cameraMode":{"drawMode":0,"name":"Shaded","section":"Shading Mode"},"sceneLighting":true,"audioPlay":false,"sceneViewState":{"showFog":true,"showMaterialUpdate":false,"showSkybox":true,"showFlares":true,"showImageEffects":true,"showParticleSystems":true},"in2DMode":false,"pivot":{"x":-0.5806224346160889,"y":-0.21953487396240235,"z":-0.9652645587921143},"rotation":{"x":0.03385738655924797,"y":0.8810551762580872,"z":-0.46746838092803957,"w":0.06381217390298844},"size":6.859605312347412,"orthographic":false}