{"cameraMode":{"drawMode":0,"name":"Shaded","section":"Shading Mode"},"sceneLighting":true,"audioPlay":false,"sceneViewState":{"showFog":true,"showMaterialUpdate":false,"showSkybox":true,"showFlares":true,"showImageEffects":true,"showParticleSystems":true},"in2DMode":false,"pivot":{"x":-0.24116730690002442,"y":1.3019555807113648,"z":-0.14751318097114564},"rotation":{"x":-0.009982985444366932,"y":0.9877009391784668,"z":-0.13899698853492738,"w":-0.07093897461891175},"size":1.703845500946045,"orthographic":false}